No,Filename,Width,Height,AspectRatio,SizeKB,Category,ImageArea_SxS,TextArea_SxS
1,agent_workflow_4x3.jpg,1216,912,1.33,315.7,Standard landscape,1227x920,481x920
2,ai_trend_intelligence_4x3.jpg,1216,912,1.33,288.4,Standard landscape,1227x920,481x920
3,chapter_engine.jpg,1368,768,1.78,161.5,Wide landscape,1210x679,498x920
4,chapter_problem.jpg,1368,768,1.78,217.6,Wide landscape,1210x679,498x920
5,chapter_score.jpg,1368,768,1.78,159.2,Wide landscape,1210x679,498x920
6,closing_bg.jpg,1368,768,1.78,225.4,Wide landscape,1210x679,498x920
7,cover_bg.jpg,1368,768,1.78,192.2,Wide landscape,1210x679,498x920
8,decision_pool_dashboard_4x3.jpg,1216,912,1.33,177.0,Standard landscape,1227x920,481x920
9,technical_architecture_4x3.jpg,1216,912,1.33,277.1,Standard landscape,1227x920,481x920
